Episode,Return
1,-442.64261149618915
2,-471.9115639978377
3,-448.3231388171536
4,-470.758251739632
5,-473.7221696400061
6,-463.4904874293379
7,-448.8387144744071
8,-474.49780295699924
9,-483.7618401928601
10,-503.877511486345
